{"step":279,"_timestamp":1.7271862059485452e+09,"_runtime":28.184082501,"_step":279,"loss":1.0070585012435913,"lr":1.1509597106347027e-10,"_wandb":{"runtime":28},"epoch":0}